{"perBarrel":{"Australia Cossack":{"total":{"min":446.7749418750107,"max":552.5224032870062},"downstream":{"min":376.7565135650107,"max":411.98622069000004},"upstream":{"min":33.9616244,"max":103.6388576},"midstream":{"min":15.91074445,"max":45.78158685}},"Kazakhstan Tengiz":{"total":{"min":448.390406148,"max":530.2910122740432},"downstream":{"min":380.5496868180431,"max":404.426807919},"upstream":{"min":31.66928935,"max":81.98509694},"midstream":{"min":17.78071896,"max":47.14861486}},"Iran Aboozar":{"total":{"min":477.75967764009386,"max":724.2212026860747},"downstream":{"min":392.8327419200939,"max":453.72891707607465},"upstream":{"min":32.06482387,"max":196.5611934},"midstream":{"min":10.37490386,"max":73.93109221}},"Norway Ekofisk":{"total":{"min":472.46515439,"max":582.1289084150611},"downstream":{"min":402.5238411170611,"max":429.50601198506115},"upstream":{"min":23.35509336,"max":80.96179617},"midstream":{"min":26.61241988,"max":71.66110026}},"Norway Oseberg":{"total":{"min":513.57264619,"max":646.4870501560538},"downstream":{"min":400.8313166930622,"max":423.15383931605373},"upstream":{"min":78.51139619,"max":172.2456739},"midstream":{"min":17.79253204,"max":51.08753694}},"Norway Skarv":{"total":{"min":469.98089694999993,"max":660.0041111480646},"downstream":{"min":408.9035817680643,"max":430.646642795},"upstream":{"min":28.43665349,"max":176.2968992},"midstream":{"min":16.00077564,"max":53.3876861}},"Saudi Arabia Ghawar":{"total":{"min":468.7751776000819,"max":572.4091393000665},"downstream":{"min":394.2240197200819,"max":435.307414629},"upstream":{"min":30.25596855,"max":79.19054215},"midstream":{"min":12.57993309,"max":58.56752737}},"Saudi Arabia Safaniya":{"total":{"min":458.7997181500931,"max":592.337171974079},"downstream":{"min":381.4153687400931,"max":450.65396801407894},"upstream":{"min":28.10132401,"max":70.26881249},"midstream":{"min":10.1256706,"max":71.41439147}},"Saudi Arabia Zuluf":{"total":{"min":464.2241161000879,"max":604.3812558090763},"downstream":{"min":385.2901244400879,"max":445.6334688790762},"upstream":{"min":31.50569938,"max":91.47191755},"midstream":{"min":11.48745256,"max":67.27586938}},"U.S. Bakken No Flare":{"total":{"min":461.56582696,"max":551.2280330310647},"downstream":{"min":410.4257368700694,"max":429.97099152500004},"upstream":{"min":19.87544161,"max":79.70071614},"midstream":{"min":17.19589055,"max":46.6273954}},"U.S. Texas Eagle Ford Black Oil Zone":{"total":{"min":458.74258440000006,"max":576.9152006160309},"downstream":{"min":400.96507387903085,"max":420.31661151500003},"upstream":{"min":28.22087887,"max":126.9719299},"midstream":{"min":15.86579256,"max":33.63413441}},"U.S. Texas Eagle Ford Volatile Oil Zone":{"total":{"min":438.09806337299995,"max":571.7474327360079},"downstream":{"min":391.72358420300594,"max":403.783323208},"upstream":{"min":19.25586137,"max":139.8922853},"midstream":{"min":22.28918888,"max":32.22438029}},"U.S. Texas Eagle Ford Condensate Zone":{"total":{"min":400.2078549669998,"max":1442.506236368},"downstream":{"min":370.2795162019998,"max":381.472202698},"upstream":{"min":2.341820785,"max":1030.432472},"midstream":{"min":27.20209892,"max":31.01589582}},"U.S. California Midway Sunset":{"total":{"min":475.9883024030345,"max":652.7315680080716},"downstream":{"min":398.4830354350715,"max":475.2410728880716},"upstream":{"min":3.410827543,"max":72.91883332},"midstream":{"min":25.27241156,"max":104.5716618}},"U.S. Texas Spraberry":{"total":{"min":463.8895168,"max":610.7142233740393},"downstream":{"min":391.8948944050392,"max":422.10190762499997},"upstream":{"min":31.37534777,"max":141.5155243},"midstream":{"min":16.0092489,"max":50.05970092}},"Norway Statfjord":{"total":{"min":479.64835351000005,"max":774.8579987170555},"downstream":{"min":403.8417866500554,"max":426.86081211299995},"upstream":{"min":43.19128404,"max":296.9145436},"midstream":{"min":14.67787151,"max":51.59139895}},"UK Brent":{"total":{"min":565.24959488,"max":2181.848206486048},"downstream":{"min":387.9699486210482,"max":432.734301139},"upstream":{"min":123.9733365,"max":1691.049761},"midstream":{"min":12.9392179,"max":64.00588004}},"Canada Athabasca DC SCO":{"total":{"min":616.1451164499999,"max":764.5287696300736},"downstream":{"min":432.24902689007354,"max":562.965964439},"upstream":{"min":162.7297609,"max":162.7297609},"midstream":{"min":13.02577276,"max":42.02093327}},"global":{"total":{"min":400.2078549669998,"max":2181.848206486048},"downstream":{"min":370.2795162019998,"max":562.965964439},"upstream":{"min":2.341820785,"max":1691.049761},"midstream":{"min":10.1256706,"max":104.5716618}}},"perMJ":{"Australia Cossack":{"total":{"min":null,"max":null},"downstream":{"min":null,"max":null},"upstream":{"min":null,"max":null},"midstream":{"min":null,"max":null}},"Kazakhstan Tengiz":{"total":{"min":null,"max":null},"downstream":{"min":null,"max":null},"upstream":{"min":null,"max":null},"midstream":{"min":null,"max":null}},"Iran Aboozar":{"total":{"min":null,"max":null},"downstream":{"min":null,"max":null},"upstream":{"min":null,"max":null},"midstream":{"min":null,"max":null}},"Norway Ekofisk":{"total":{"min":null,"max":null},"downstream":{"min":null,"max":null},"upstream":{"min":null,"max":null},"midstream":{"min":null,"max":null}},"Norway Oseberg":{"total":{"min":null,"max":null},"downstream":{"min":null,"max":null},"upstream":{"min":null,"max":null},"midstream":{"min":null,"max":null}},"Norway Skarv":{"total":{"min":null,"max":null},"downstream":{"min":null,"max":null},"upstream":{"min":null,"max":null},"midstream":{"min":null,"max":null}},"Saudi Arabia Ghawar":{"total":{"min":null,"max":null},"downstream":{"min":null,"max":null},"upstream":{"min":null,"max":null},"midstream":{"min":null,"max":null}},"Saudi Arabia Safaniya":{"total":{"min":null,"max":null},"downstream":{"min":null,"max":null},"upstream":{"min":null,"max":null},"midstream":{"min":null,"max":null}},"Saudi Arabia Zuluf":{"total":{"min":null,"max":null},"downstream":{"min":null,"max":null},"upstream":{"min":null,"max":null},"midstream":{"min":null,"max":null}},"U.S. Bakken No Flare":{"total":{"min":null,"max":null},"downstream":{"min":null,"max":null},"upstream":{"min":null,"max":null},"midstream":{"min":null,"max":null}},"U.S. Texas Eagle Ford Black Oil Zone":{"total":{"min":null,"max":null},"downstream":{"min":null,"max":null},"upstream":{"min":null,"max":null},"midstream":{"min":null,"max":null}},"U.S. Texas Eagle Ford Volatile Oil Zone":{"total":{"min":null,"max":null},"downstream":{"min":null,"max":null},"upstream":{"min":null,"max":null},"midstream":{"min":null,"max":null}},"U.S. Texas Eagle Ford Condensate Zone":{"total":{"min":null,"max":null},"downstream":{"min":null,"max":null},"upstream":{"min":null,"max":null},"midstream":{"min":null,"max":null}},"U.S. California Midway Sunset":{"total":{"min":null,"max":null},"downstream":{"min":null,"max":null},"upstream":{"min":null,"max":null},"midstream":{"min":null,"max":null}},"U.S. Texas Spraberry":{"total":{"min":null,"max":null},"downstream":{"min":null,"max":null},"upstream":{"min":null,"max":null},"midstream":{"min":null,"max":null}},"Norway Statfjord":{"total":{"min":null,"max":null},"downstream":{"min":null,"max":null},"upstream":{"min":null,"max":null},"midstream":{"min":null,"max":null}},"UK Brent":{"total":{"min":null,"max":null},"downstream":{"min":null,"max":null},"upstream":{"min":null,"max":null},"midstream":{"min":null,"max":null}},"Canada Athabasca DC SCO":{"total":{"min":null,"max":null},"downstream":{"min":null,"max":null},"upstream":{"min":null,"max":null},"midstream":{"min":null,"max":null}},"global":{"total":{"min":null,"max":null},"downstream":{"min":null,"max":null},"upstream":{"min":null,"max":null},"midstream":{"min":null,"max":null}}},"perCurrent":{"Australia Cossack":{"total":{"min":null,"max":null},"downstream":{"min":null,"max":null},"upstream":{"min":null,"max":null},"midstream":{"min":null,"max":null}},"Kazakhstan Tengiz":{"total":{"min":null,"max":null},